"Model","Accuracy","Standard Deviation","Gains","Total Time","Training Time (1,000 Rows)","Scoring Time (1,000 Rows)"
"Naive Bayes",0.6748572683355292,0.02049732025235223,214.0,18128.0,7.932910244786946,71.38810198300283
"Generalized Linear Model",0.6923081749168707,0.017186411156865818,232.0,18002.0,13.599274705349048,72.52124645892351
"Logistic Regression",0.7160863291298074,0.026262000230877106,300.0,18256.0,14.052583862194016,75.92067988668555
"Fast Large Margin",0.7174603174603174,0.022165460386940988,316.0,21639.0,102.9011786038078,58.92351274787536
"Deep Learning",0.7486103268711964,0.010767214761281615,382.0,34978.0,611.2873980054397,108.21529745042494
"Decision Tree",0.7057971014492754,0.013036447252546388,248.0,15792.0,11.106074342701723,71.95467422096317
"Random Forest",0.697073216638434,0.029672769041933587,252.0,259039.0,143.0190389845875,934.8441926345608
"Gradient Boosted Trees",0.7319499341238471,0.014388515349120177,372.0,73684.0,254.98640072529466,176.20396600566573
"Support Vector Machine",0.6724920007528702,0.016950179151879536,190.0,671001.0,1785.8114233907525,2445.325779036827
