"Model","Classification Error","Standard Deviation","Gains","Total Time","Training Time (1,000 Rows)","Scoring Time (1,000 Rows)"
"Naive Bayes",0.32514273166447083,0.020497320252348843,214.0,18128.0,7.932910244786946,71.38810198300283
"Generalized Linear Model",0.3076918250831294,0.01718641115687692,232.0,18002.0,13.599274705349048,72.52124645892351
"Logistic Regression",0.28391367087019265,0.026262000230875125,300.0,18256.0,14.052583862194016,75.92067988668555
"Fast Large Margin",0.28253968253968254,0.02216546038693551,316.0,21639.0,102.9011786038078,58.92351274787536
"Deep Learning",0.25138967312880356,0.010767214761285643,382.0,34978.0,611.2873980054397,108.21529745042494
"Decision Tree",0.2942028985507247,0.013036447252547718,248.0,15792.0,11.106074342701723,71.95467422096317
"Random Forest",0.302926783361566,0.029672769041934173,252.0,259039.0,143.0190389845875,934.8441926345608
"Gradient Boosted Trees",0.2680500658761528,0.014388515349117163,372.0,73684.0,254.98640072529466,176.20396600566573
"Support Vector Machine",0.3275079992471297,0.016950179151874422,190.0,671001.0,1785.8114233907525,2445.325779036827
