"Model","AUC","Standard Deviation","Gains","Total Time","Training Time (1,000 Rows)","Scoring Time (1,000 Rows)"
"Naive Bayes",0.7283151310413208,0.02593321260582074,212.0,21655.0,17.905711695376247,134.27762039660058
"Generalized Linear Model",0.754300928545712,0.019315651145061702,232.0,17740.0,32.18495013599275,96.88385269121812
"Logistic Regression",0.7508234831302469,0.03455146808270175,298.0,17285.0,26.518585675430643,94.61756373937676
"Fast Large Margin",0.7467973354209011,0.03252732104768993,316.0,25685.0,167.72438803263825,80.45325779036827
"Deep Learning",0.7855951940686461,0.026375183999000865,382.0,37451.0,650.2719854941071,122.37960339943344
"Decision Tree",0.7283721024785755,0.024237122167033852,260.0,15989.0,14.959202175883952,67.42209631728045
"Random Forest",0.7167636468431722,0.01293877109670218,216.0,205296.0,116.04714415231187,755.8073654390935
"Gradient Boosted Trees",0.7881736013039184,0.021562494104825688,358.0,61259.0,67.99637352674524,88.38526912181304
"Support Vector Machine",0.7441449014689665,0.03571861287664954,190.0,673825.0,1626.6999093381687,1976.770538243626
