"Model","Precision","Standard Deviation","Gains","Total Time","Training Time (1,000 Rows)","Scoring Time (1,000 Rows)"
"Naive Bayes",0.7574443564262279,0.01722719171674562,212.0,21655.0,17.905711695376247,134.27762039660058
"Generalized Linear Model",0.780717420003978,0.03331566464551271,232.0,17740.0,32.18495013599275,96.88385269121812
"Logistic Regression",0.7730976858127142,0.02374050045656405,298.0,17285.0,26.518585675430643,94.61756373937676
"Fast Large Margin",0.7298967827779081,0.016189208070379317,316.0,25685.0,167.72438803263825,80.45325779036827
"Deep Learning",0.7476728024110995,0.008281726345665891,382.0,37451.0,650.2719854941071,122.37960339943344
"Decision Tree",0.7478853371731212,0.020988503000149355,260.0,15989.0,14.959202175883952,67.42209631728045
"Random Forest",0.7593380580625348,0.01990190643831902,216.0,205296.0,116.04714415231187,755.8073654390935
"Gradient Boosted Trees",0.7908037111309264,0.039058756787645706,358.0,61259.0,67.99637352674524,88.38526912181304
"Support Vector Machine",0.6550786857658661,0.012561674175602479,190.0,673825.0,1626.6999093381687,1976.770538243626
