"Model","F Measure","Standard Deviation","Gains","Total Time","Training Time (1,000 Rows)","Scoring Time (1,000 Rows)"
"Naive Bayes",0.7051765456564458,0.011578000564915045,214.0,18128.0,7.932910244786946,71.38810198300283
"Generalized Linear Model",0.7242259363446004,0.027931407384662932,232.0,18002.0,13.599274705349048,72.52124645892351
"Logistic Regression",0.7572588415103766,0.01909341317457348,300.0,18256.0,14.052583862194016,75.92067988668555
"Fast Large Margin",0.7793602498764283,0.021629293350206455,316.0,21639.0,102.9011786038078,58.92351274787536
"Deep Learning",0.8058709892467494,0.007667435504452921,382.0,34978.0,611.2873980054397,108.21529745042494
"Decision Tree",0.7573690804075077,0.01628708821556884,248.0,15792.0,11.106074342701723,71.95467422096317
"Random Forest",0.7425551333290418,0.02893969340815524,252.0,259039.0,143.0190389845875,934.8441926345608
"Gradient Boosted Trees",0.7746248621801528,0.012552345976459068,372.0,73684.0,254.98640072529466,176.20396600566573
"Support Vector Machine",0.7766093714316118,0.011599391082766367,190.0,671001.0,1785.8114233907525,2445.325779036827
