"Model","Specificity","Standard Deviation","Gains","Total Time","Training Time (1,000 Rows)","Scoring Time (1,000 Rows)"
"Naive Bayes",0.6951500963433539,0.03514907774209812,212.0,21655.0,17.905711695376247,134.27762039660058
"Generalized Linear Model",0.7168027767571841,0.014743155415272678,232.0,17740.0,32.18495013599275,96.88385269121812
"Logistic Regression",0.6763547604589706,0.045773930901185665,298.0,17285.0,26.518585675430643,94.61756373937676
"Fast Large Margin",0.5332193662818963,0.031042951911691156,316.0,25685.0,167.72438803263825,80.45325779036827
"Deep Learning",0.562621568138957,0.01247763559505611,382.0,37451.0,650.2719854941071,122.37960339943344
"Decision Tree",0.5880364562204206,0.03240125239791154,260.0,15989.0,14.959202175883952,67.42209631728045
"Random Forest",0.6462074361071396,0.01566730202743289,216.0,205296.0,116.04714415231187,755.8073654390935
"Gradient Boosted Trees",0.7297643025438664,0.0508724474817085,358.0,61259.0,67.99637352674524,88.38526912181304
"Support Vector Machine",0.25514256214445463,0.03173624766449936,190.0,673825.0,1626.6999093381687,1976.770538243626
